filing_date,quarter,symbol,percentage,value,price_before,price_after,price_change_pct,hld_pct_change
2020-02-14,Q4 2019,A,4.2,277097,82.42236328125,81.76661682128906,-0.7955928874828941,
2020-05-15,Q1 2020,A,13.8,904317,78.92929077148438,80.88224029541016,2.4743026382689157,226.3539482563868
2020-08-14,Q2 2020,A,14.4,1115812,95.69104766845705,94.47030639648438,-1.2757110531407143,23.387263537011904
2020-10-23,Q3 2020,A,14.0,1236365,103.628173828125,101.55113220214844,-2.004321362857836,10.80406018218123
2021-02-16,Q4 2020,A,14.5,1449856,124.4177474975586,126.49817657470705,1.6721320864527476,17.26763536657865
2021-05-17,Q1 2021,A,14.3,1500829,127.69351959228516,125.35677337646484,-1.8299646084479069,3.515728458550371
2021-08-16,Q2 2021,A,16.1,1728762,155.23721313476562,156.87510681152344,1.0550908791024949,15.187139907344548
2017-08-14,Q2 2017,ADP,3.0,179394,92.42086029052734,94.7736587524414,2.5457439527374883,
2017-11-14,Q3 2017,ADP,18.8,961846,95.23355865478516,94.4906768798828,-0.7800630212667333,436.1639742689276
2018-02-14,Q4 2017,ADP,17.6,1031089,96.00296020507812,99.17098236083984,3.299921324294899,7.198969481601014
2018-05-15,Q1 2018,ADP,18.7,901253,109.3591537475586,110.51590728759766,1.057756484390212,-12.592123473337413
2018-08-14,Q2 2018,ADP,9.8,566790,121.18741607666016,122.54966735839844,1.1240864157682466,-37.11088895127117
2018-11-14,Q3 2018,ADP,11.7,607073,126.16081237792967,128.3663787841797,1.7482182974876257,7.107217840822888
2019-02-14,Q4 2018,ADP,9.0,533675,131.91134643554688,131.21875,-0.5250469002568207,-12.090473468594388
2019-05-15,Q1 2019,ADP,9.6,643676,139.6924591064453,142.35394287109375,1.905245123232023,20.61198294842366
2019-08-14,Q2 2019,ADP,9.9,666202,149.3959197998047,146.172607421875,-2.1575638626871667,3.4995867486126597
2014-05-15,Q1 2014,AGN,0.9,74141,,,,
2014-08-14,Q2 2014,AGN,38.8,4886826,,,,6491.2598966833475
2014-11-14,Q3 2014,AGN,38.3,5145867,,,,5.300802606845423
2015-02-17,Q4 2014,AGN,35.3,5662543,,,,10.040601515740688
2014-02-14,Q4 2013,APD,27.9,2296976,82.44930267333984,83.23197937011719,0.9492823728034074,
2014-05-15,Q1 2014,APD,29.2,2446162,84.95476531982422,84.10313415527344,-1.00245249497741,6.494887190810883
2014-08-14,Q2 2014,APD,21.0,2643022,94.56194305419922,94.80469512939452,0.2567122325904158,8.04770902335985
2014-11-14,Q3 2014,APD,19.9,2675079,97.32427978515624,97.5253448486328,0.2065929117794803,1.2128919093371104
2015-02-17,Q4 2014,APD,18.5,2963793,110.3056182861328,111.07077026367188,0.6936654627638803,10.792727990463092
2015-05-15,Q1 2015,APD,20.8,3108664,107.12731170654295,107.3522720336914,0.2099934401086046,4.888026930355793
2015-08-14,Q2 2015,APD,19.5,2811730,106.3694076538086,107.11386108398438,0.699875506121732,-9.551820331821004
2015-11-16,Q3 2015,APD,18.8,2621651,100.92041778564452,102.45577239990234,1.5213518215104038,-6.760215241150469
2016-02-16,Q4 2015,APD,21.5,2673640,96.3419952392578,97.93846893310548,1.6570901296811829,1.983063344434477
2016-05-16,Q1 2016,APD,12.4,1094944,105.4522476196289,106.23291015625,0.7402995708891661,-59.04669289807154
2016-08-15,Q2 2016,APD,14.4,1079666,112.11296081542967,114.30525207519533,1.955430704728929,-1.3953225005114422
2016-11-14,Q3 2016,APD,11.2,605140,112.76235961914062,112.4367904663086,-0.2887214793408492,-43.951184903479415
2017-02-14,Q4 2016,APD,9.4,556693,115.03939819335938,116.57872009277344,1.3380823644667843,-8.005915986383316
2017-05-15,Q1 2017,APD,5.2,308480,118.78753662109376,119.01840209960938,0.1943516004141371,-44.58705246877543
2014-02-14,Q4 2013,BEAM,17.2,1416910,,,,
2014-05-15,Q1 2014,BEAM,11.6,971990,,,,-31.400724110917423
2015-05-15,Q1 2015,BHC,25.8,3867913,222.82000732421875,225.42999267578125,1.1713424583838148,
2015-08-14,Q2 2015,BHC,29.9,4326134,246.1699981689453,249.75,1.4542803175380248,11.84672457731082
2015-11-16,Q3 2015,BHC,24.9,3473760,75.41000366210938,70.31999969482422,-6.749772868453907,-19.702903331242172
2016-02-16,Q4 2015,BHC,13.5,1686488,88.38999938964844,94.6500015258789,7.082251588932122,-51.45064713739579
2016-05-16,Q1 2016,BHC,6.4,567847,25.899999618530277,29.07999992370605,12.277993637114324,-66.32961515290947
2016-08-15,Q2 2016,BHC,5.8,434845,24.920000076293945,26.600000381469727,6.741574237690082,-23.42215420703112
2016-11-14,Q3 2016,BHC,9.8,530062,18.0,18.21999931335449,1.2222184075249565,21.896767813818705
2017-02-14,Q4 2016,BHC,4.4,263022,14.970000267028809,16.860000610351562,12.625252569203022,-50.379012266489575
2014-02-14,Q4 2013,BKW,10.7,877547,,,,
2014-05-15,Q1 2014,BKW,12.2,1019198,,,,16.14169953290252
2014-08-14,Q2 2014,BKW,8.3,1044918,,,,2.5235528327174794
2014-11-14,Q3 2014,BKW,8.5,1138584,,,,8.963956980356347
2024-08-14,Q2 2024,BN.TO,2.7,284736,62.27442932128906,63.73172378540039,2.340116930807649,
2024-11-14,Q3 2024,BN.TO,13.5,1739912,80.54053497314453,79.8617935180664,-0.8427327373780729,511.06147448864914
2025-02-14,Q4 2024,BN.TO,15.9,2004606,85.4614028930664,86.81888580322266,1.588416365987814,15.213068247129735
2025-05-15,Q1 2025,BN.TO,18.0,2149054,83.13999938964844,83.52999877929688,0.4690875541394283,7.205805031013579
2019-08-14,Q2 2019,BRK-B,11.2,748866,198.77999877929688,198.30999755859372,-0.236442913567457,
2019-11-14,Q3 2019,BRK-B,13.3,835324,219.7700042724609,219.7400054931641,-0.0136500790434002,11.545189660099409
2020-02-14,Q4 2019,BRK-B,13.9,909532,226.47000122070312,226.7700042724609,0.1324692233588363,8.88373852541049
2020-05-15,Q1 2020,BRK-B,15.2,997038,170.92999267578125,175.4600067138672,2.650216013686044,9.620991894732667
2020-05-15,Q1 2020,BX,0.4,24996,42.51974868774414,45.01548004150391,5.86958161979714,
2016-11-14,Q3 2016,CMG,4.3,234709,7.9415998458862305,8.0,0.7353701426296486,
2017-02-14,Q4 2016,CMG,18.4,1087611,8.28279972076416,8.46679973602295,2.2214712592593444,363.3870026287871
2017-05-15,Q1 2017,CMG,21.5,1284195,9.78660011291504,9.922800064086914,1.391698338549019,18.074844774464395
2017-08-14,Q2 2017,CMG,19.9,1199393,6.528200149536133,6.455599784851074,-1.1121038421320044,-6.603514263799504
2017-11-14,Q3 2017,CMG,17.4,887309,5.550000190734863,5.709000110626221,2.864863323010167,-26.020161865210156
2018-02-14,Q4 2017,CMG,14.2,833118,5.026599884033203,5.732999801635742,14.053235465317035,-6.107342537943373
2018-05-15,Q1 2018,CMG,19.3,931353,8.501199722290039,8.893400192260742,4.6134720131601945,11.791246858188153
2018-08-14,Q2 2018,CMG,21.4,1243408,9.69320011138916,10.517800331115724,8.506996763201938,33.5055558955627
2018-11-14,Q3 2018,CMG,18.0,935905,9.696399688720703,9.446000099182127,-2.5823975658702527,-24.730659606500836
2019-02-14,Q4 2018,CMG,14.1,838018,11.99240016937256,12.117799758911133,1.045658815312324,-10.459074371864663
2019-05-15,Q1 2019,CMG,19.7,1323102,14.063599586486816,14.178600311279297,0.8177189921062623,57.88467550816332
2019-08-14,Q2 2019,CMG,19.5,1306513,16.33919906616211,16.197799682617188,-0.8653997235259524,-1.253796003633889
2019-11-14,Q3 2019,CMG,23.1,1449231,15.065999984741213,15.093199729919434,0.1805372707139948,10.92358055373348
2020-02-14,Q4 2019,CMG,22.0,1443437,18.25900077819824,18.55120086669922,1.6003071145594758,-0.3997982378240561
2020-05-15,Q1 2020,CMG,11.6,759910,18.643600463867188,19.971599578857425,7.123082891440441,-47.35412768274612
2020-08-14,Q2 2020,CMG,15.8,1222034,23.89859962463379,24.32439994812012,1.7816957067535828,60.81299101209354
2020-10-23,Q3 2020,CMG,16.4,1444236,26.005800247192383,26.239599227905277,0.8990262883301653,18.18296381279081
2021-02-16,Q4 2020,CMG,16.1,1610292,30.554000854492188,29.190000534057617,-4.464228193650878,11.497843842696076
2021-05-17,Q1 2021,CMG,14.8,1543204,27.12420082092285,26.49020004272461,-2.3373989242447712,-4.166200912629514
2021-08-16,Q2 2021,CMG,15.7,1683880,37.75619888305664,37.3922004699707,-0.9640758970821196,9.115839513116875
2021-11-15,Q3 2021,CMG,21.4,2026035,37.2599983215332,36.55080032348633,-1.9033763553258596,20.319440815260002
2022-02-14,Q4 2021,CMG,18.4,1948818,31.22960090637207,31.339799880981445,0.3528670601323312,-3.8112372194952227
2022-05-16,Q1 2022,CMG,17.0,1763528,26.3656005859375,26.441200256347656,0.2867360072596961,-9.507814480367072
2022-08-15,Q2 2022,CMG,19.4,1444794,33.27399826049805,34.29359817504883,3.06425427617222,-18.07365689685676
2022-11-14,Q3 2022,CMG,21.1,1660862,30.12700080871582,30.46940040588379,1.1365206890056962,14.95493475194387
2023-02-13,Q4 2022,CMG,17.5,1533465,31.67779922485352,32.89039993286133,3.82791967144119,-7.670534939085849
2023-05-15,Q1 2023,CMG,17.2,1758148,40.91260147094727,41.00439834594727,0.2243731068169462,14.651980971199219
2023-08-14,Q2 2023,CMG,18.9,2039767,36.930999755859375,36.96319961547852,0.0871892443529961,16.01793478137221
2023-11-14,Q3 2023,CMG,16.6,1746847,43.00859832763672,43.1161994934082,0.2501852419178734,-14.360463719630722
2024-02-14,Q4 2023,CMG,18.1,1886737,51.9827995300293,52.36000061035156,0.7256267144757469,8.008142670766238
2024-05-15,Q1 2024,CMG,20.1,2162590,63.53340148925781,62.917598724365234,-0.9692582963572284,14.62063870057142
2024-08-14,Q2 2024,CMG,17.3,1805270,51.68000030517578,53.970001220703125,4.431116296448626,-16.522780554797723
2024-11-14,Q3 2024,CMG,12.9,1660329,59.27000045776367,58.630001068115234,-1.0798032473519328,-8.028771319525607
2025-02-14,Q4 2024,CMG,11.8,1486608,58.130001068115234,54.4900016784668,-6.261825774582698,-10.463046781692064
2025-05-15,Q1 2025,CMG,9.1,1081582,52.2400016784668,52.31999969482422,0.1531355547226118,-27.244976483376927
2014-02-14,Q4 2013,CP.TO,31.5,2596634,30.878314971923828,31.1503963470459,0.881140617191906,
2014-05-15,Q1 2014,CP.TO,30.8,2581362,31.83711051940918,31.637157440185547,-0.6280503348497452,-0.5881460382941905
2014-08-14,Q2 2014,CP.TO,20.0,2524784,37.89072799682617,38.76485443115234,2.306966586652521,-2.1917886759005523
2014-11-14,Q3 2014,CP.TO,21.5,2892316,42.92789840698242,42.06699752807617,-2.005457781194852,14.556968041622564
2015-02-17,Q4 2014,CP.TO,16.7,2686270,42.35309982299805,43.69028854370117,3.157239319651927,-7.123910388768029
2015-05-15,Q1 2015,CP.TO,17.0,2547001,39.14192199707031,38.92602157592773,-0.5515835966326278,-5.1844751272210114
2015-08-14,Q2 2015,CP.TO,15.5,2233749,37.84843063354492,37.71281433105469,-0.3583142027823953,-12.298856576813277
2015-11-16,Q3 2015,CP.TO,14.3,2001494,33.2530632019043,33.906673431396484,1.9655639708246704,-10.397542427551166
2016-02-16,Q4 2015,CP.TO,14.3,1778858,31.587926864624023,32.68434143066406,3.470992479939975,-11.12349075240795
2016-05-16,Q1 2016,CP.TO,20.9,1849817,31.864545822143555,31.693124771118164,-0.5379679722479063,3.9890199217700317
2016-08-15,Q2 2016,CP.TO,16.9,1267408,35.37086486816406,35.47440719604492,0.2927333789173297,-31.484681998273345
2022-05-16,Q1 2022,CP.TO,2.3,243019,87.54991912841797,89.62374114990234,2.368730939022912,-80.82551159531894
2022-08-15,Q2 2022,CP.TO,2.8,205627,101.6820068359375,103.50527954101562,1.7931124314058338,-15.386451265127421
2022-11-14,Q3 2022,CP.TO,12.9,1016616,100.0125961303711,98.41153717041016,-1.600857313886625,394.398109197722
2023-02-13,Q4 2022,CP.TO,12.9,1136531,104.61897277832033,104.65833282470705,0.0376222833597493,11.795505874391111
2023-05-15,Q1 2023,CP.TO,11.5,1172415,109.47576904296876,110.08702850341795,0.5583513738179836,3.1573269888810707
2023-08-14,Q2 2023,CP.TO,11.3,1219265,107.83753967285156,105.22999572753906,-2.418029893136516,3.9960252982092603
2023-11-14,Q3 2023,CP.TO,10.7,1123258,94.89151000976562,96.85090637207033,2.0648805800466645,-7.87417009427811
2024-02-14,Q4 2023,CP.TO,11.5,1193452,111.5693588256836,114.42452239990234,2.5590929304161985,6.249143117609668
2024-05-15,Q1 2024,CP.TO,12.4,1330972,110.15967559814452,110.50721740722656,0.3154891362878024,11.522876496080281
2024-08-14,Q2 2024,CP.TO,11.3,1178244,105.76785278320312,108.47348022460938,2.558081090056815,-11.474922087016104
2024-11-14,Q3 2024,CP.TO,9.9,1272634,106.09164428710938,103.90962982177734,-2.0567260315307943,8.01107410689128
2025-02-14,Q4 2024,CP.TO,8.5,1076695,110.7645034790039,112.3116226196289,1.39676438934091,-15.396335474299761
2025-05-15,Q1 2025,CP.TO,8.7,1039093,113.63999938964844,114.0,0.3167904015180373,-3.4923539163830064
2021-05-17,Q1 2021,DPZ,7.2,748712,406.881103515625,412.1849670410156,1.303541373527303,
2021-08-16,Q2 2021,DPZ,8.9,951252,493.3490295410156,503.58782958984375,2.075366411149877,27.051790274498067
2021-11-15,Q3 2021,DPZ,10.5,997897,490.7018432617188,502.1257629394531,2.328077596325914,4.9035376535345065
2022-02-14,Q4 2021,DPZ,11.2,1180692,413.2450866699219,413.704833984375,0.1112529414827251,18.318022801952516
2022-05-16,Q1 2022,DPZ,8.1,841709,327.433349609375,323.1308288574219,-1.3140142129951005,-28.710535855244213
2022-08-15,Q2 2022,DPZ,10.8,803314,397.0561828613281,395.7944946289063,-0.3177606310849262,-4.561552745663877
2014-05-15,Q1 2014,ESI,7.6,635000,18.648096084594727,20.92293739318848,12.198785861431755,
2014-08-14,Q2 2014,ESI,7.4,934333,24.17137336730957,24.57391929626465,1.6653829422017823,47.13905511811023
2014-11-14,Q3 2014,ESI,6.2,834000,23.35692977905273,24.43349838256836,4.609204264856451,-10.738462625209644
2015-02-17,Q4 2014,ESI,6.2,992362,21.231868743896484,22.832683563232425,7.539679331317093,18.988249400479607
2015-05-15,Q1 2015,ESI,7.3,1096642,24.611366271972656,25.472620010375977,3.4994145748995384,10.508262105965361
2015-08-14,Q2 2015,ESI,7.6,1093223,19.659135818481445,19.39701461791992,-1.3333302286619575,-0.31176993038749545
2015-11-16,Q3 2015,ESI,3.9,540628,10.46614933013916,10.157218933105469,-2.951710197217144,-50.54732657472446
2016-02-16,Q4 2015,ESI,4.4,548321,5.5700883865356445,6.56240701675415,17.81513256804324,1.4229747626834044
2016-05-16,Q1 2016,ESI,4.2,367542,8.584487915039062,8.715551376342773,1.5267475777338146,-32.96955615415058
2016-08-15,Q2 2016,ESI,5.1,379508,8.3317289352417,8.462789535522461,1.5730300553394048,3.25568234378657
2016-11-14,Q3 2016,ESI,6.4,346600,7.966629505157471,8.041523933410645,0.9401018109940767,-8.671226957007494
2017-02-14,Q4 2016,ESI,6.7,396829,12.02015781402588,12.17930507659912,1.324003104081871,14.49192152336989
2017-05-15,Q1 2017,ESI,8.8,526679,12.553763389587402,12.703545570373535,1.193125727623385,32.7219028851218
2017-08-14,Q2 2017,ESI,8.5,512925,12.07632541656494,11.79548168182373,-2.32557276368175,-2.611457832949482
2017-11-14,Q3 2017,ESI,8.8,451034,9.60488986968994,8.912141799926758,-7.212451981873129,-12.066286494126821
2018-02-14,Q4 2017,ESI,6.8,401279,9.202347755432127,9.4925537109375,3.1536077881219287,-11.03131914667187
2018-05-15,Q1 2018,ESI,8.1,389548,10.250834465026855,10.438064575195312,1.826486524655498,-2.9234024207596243
2018-08-14,Q2 2018,ESI,8.1,469237,11.392934799194336,11.25251579284668,-1.2325095229860012,20.456785813301572
2018-11-14,Q3 2018,ESI,9.7,504430,10.007436752319336,10.438065528869627,4.303087665785046,7.500047950182953
2019-02-14,Q4 2018,ESI,7.0,417864,10.644018173217772,10.447426795959473,-1.8469658174105652,-17.161152191582573
2023-05-15,Q1 2023,GOOG,8.2,839256,117.36410522460938,119.52387237548828,1.840228020948638,
2023-08-14,Q2 2023,GOOG,10.5,1134359,129.55636596679688,129.65589904785156,0.0768260828496811,35.16245341111652
2023-11-14,Q3 2023,GOOG,11.8,1236383,133.00999450683594,135.73707580566406,2.050282994852668,8.99397809688114
2024-02-14,Q4 2023,GOOG,12.7,1321528,145.6799774169922,143.26145935058594,-1.6601581832234364,6.886620084553097
2024-05-15,Q1 2024,GOOG,13.3,1427771,171.1195068359375,174.60301208496094,2.0357148716909768,8.03940589983716
2024-08-14,Q2 2024,GOOG,13.3,1384377,165.335693359375,162.58560180664062,-1.663338083178902,-3.0392829102145913
2024-11-14,Q3 2024,GOOG,9.8,1261880,180.080322265625,173.4952850341797,-3.6567222607099423,-8.848528977294478
2025-02-14,Q4 2024,GOOG,11.4,1437361,187.66619873046875,185.58856201171875,-1.1070915981699814,13.906314388055918
2025-05-15,Q1 2025,GOOG,8.3,988003,166.80999755859375,167.42999267578125,0.3716774331644722,-31.262709924646625
2023-05-15,Q1 2023,GOOGL,2.2,226650,116.95086669921876,118.94135284423828,1.7019849456428422,
2023-08-14,Q2 2023,GOOGL,2.4,261544,128.9435272216797,129.16249084472656,0.1698135825541927,15.395543789984556
2023-11-14,Q3 2023,GOOGL,5.4,569872,131.4615020751953,133.9794464111328,1.915347304108277,117.8876212033157
2024-02-14,Q4 2023,GOOGL,5.9,608325,144.44940185546875,142.09066772460938,-1.632913740424793,6.747655613892234
2024-05-15,Q1 2024,GOOGL,6.1,657273,169.5294952392578,173.35121154785156,2.2543076077706377,8.046356799408215
2024-08-14,Q2 2024,GOOGL,7.0,726138,163.56640625,160.7167510986328,-1.7422007469013443,10.477381544654962
2024-11-14,Q3 2024,GOOGL,5.1,661159,178.46969604492188,172.09434509277344,-3.572231641243858,-8.94857451338451
2025-02-14,Q4 2024,GOOGL,6.0,754642,185.9258728027344,183.55859375,-1.2732381013190326,14.139261508956235
2025-05-15,Q1 2025,GOOGL,5.8,686289,165.3699951171875,166.19000244140625,0.4958622171075602,-9.057672379750926
2014-02-14,Q4 2013,HHC,5.2,428519,,,,
2014-05-15,Q1 2014,HHC,6.1,509192,,,,18.826003047706163
2014-08-14,Q2 2014,HHC,4.5,563140,,,,10.594824741944109
2014-11-14,Q3 2014,HHC,4.0,535203,,,,-4.960933338068685
2015-02-17,Q4 2014,HHC,2.9,465341,,,,-13.053364798029909
2015-05-15,Q1 2015,HHC,3.7,553114,,,,18.86208178518549
2015-08-14,Q2 2015,HHC,3.5,512153,,,,-7.405525804806967
2015-11-16,Q3 2015,HHC,2.9,409394,,,,-20.064121463703234
2016-02-16,Q4 2015,HHC,3.2,403757,,,,-1.3769131936472
2016-05-16,Q1 2016,HHC,4.3,377817,,,,-6.424656414625629
2016-08-15,Q2 2016,HHC,5.4,407896,,,,7.961261669009079
2016-11-14,Q3 2016,HHC,7.5,408538,,,,0.15739306097632966
2017-02-14,Q4 2016,HHC,6.9,407111,,,,-0.34929431289133506
2017-05-15,Q1 2017,HHC,7.0,418350,,,,2.7606721508384613
2017-08-14,Q2 2017,HHC,9.6,577905,,,,38.13911796342775
2017-11-14,Q3 2017,HHC,10.8,554806,,,,-3.9970237322743407
2018-02-14,Q4 2017,HHC,10.5,617564,,,,11.311701747998404
2018-05-15,Q1 2018,HHC,6.3,306717,,,,-50.3343782992532
2018-08-14,Q2 2018,HHC,5.0,292101,,,,-4.765304824968942
2018-11-14,Q3 2018,HHC,5.1,264991,,,,-9.281036353863904
2019-02-14,Q4 2018,HHC,2.0,120423,,,,-54.55581510315445
2019-05-15,Q1 2019,HHC,2.0,131427,,,,9.13778929274307
2019-08-14,Q2 2019,HHC,2.2,147963,,,,12.581889566070892
2019-11-14,Q3 2019,HHC,2.5,154845,,,,4.651162790697683
2020-02-14,Q4 2019,HHC,4.3,278629,,,,79.94058574703735
2020-05-15,Q1 2020,HHC,9.4,616212,,,,121.15860158131424
2020-08-14,Q2 2020,HHC,7.3,567191,,,,-7.955216711131885
2020-10-23,Q3 2020,HHC,7.1,628877,,,,10.875701483274591
2021-02-16,Q4 2020,HHC,8.6,861758,,,,37.03124776387114
2021-05-17,Q1 2021,HHC,12.2,1281402,,,,48.696269718412836
2021-08-16,Q2 2021,HHC,12.3,1312787,,,,2.4492704085056882
2021-11-15,Q3 2021,HHC,12.6,1195987,,,,-8.897102119384181
2022-02-14,Q4 2021,HHC,13.1,1386260,,,,15.909286639403275
2022-05-16,Q1 2022,HHC,13.6,1411185,,,,1.7980032605716012
2022-08-15,Q2 2022,HHC,12.4,926852,,,,-34.321013899665886
2022-11-14,Q3 2022,HHC,9.6,754421,,,,-18.603941082287136
2023-02-13,Q4 2022,HHC,13.8,1214706,,,,61.011689759431405
2023-05-15,Q1 2023,HHC,12.5,1278762,,,,5.273374791924956
2023-08-14,Q2 2023,HHC,12.1,1307722,,,,2.264690380227119
2023-11-14,Q3 2023,HHH,11.9,1245896,66.96854400634766,71.1248779296875,6.206397324310774,
2024-02-14,Q4 2023,HHH,15.5,1612794,72.07817077636719,74.31839752197266,3.1080516076859,29.448525398588643
2024-05-15,Q1 2024,HHH,12.7,1369036,64.49951934814453,64.48046112060547,-0.0295478597851144,-15.114019521401989
2024-08-14,Q2 2024,HHH,11.7,1221990,69.5999984741211,71.91000366210938,3.318973044011194,-10.740842461410804
2024-11-14,Q3 2024,HHH,11.3,1459715,82.12999725341797,79.91000366210938,-2.7030240661748044,19.453923518195726
2025-02-14,Q4 2024,HHH,11.5,1450100,75.04000091552734,80.5999984741211,7.409378319241558,-0.6586902237765591
2025-05-15,Q1 2025,HHH,11.7,1396560,71.01000213623047,70.66999816894531,-0.4788113745340682,-3.6921591614371474
2019-02-14,Q4 2018,HLT,13.2,786029,77.84518432617188,80.1794662475586,2.998620841600247,
2019-05-15,Q1 2019,HLT,13.6,911405,90.1395034790039,92.55743408203124,2.682431686114789,15.950556531629246
2019-08-14,Q2 2019,HLT,16.0,1071841,93.89904022216795,90.30117797851562,-3.831628347999823,17.60315117867468
2019-11-14,Q3 2019,HLT,15.7,982944,96.50871276855467,98.41400146484376,1.9742141840170315,-8.293860749868687
2020-02-14,Q4 2019,HLT,17.9,1170855,111.51414489746094,110.4973373413086,-0.9118193544749994,19.117162320539105
2020-05-15,Q1 2020,HLT,14.3,941002,67.40072631835938,72.24542236328125,7.187898869277055,-19.631209671564797
2020-08-14,Q2 2020,HLT,13.1,1012845,84.53515625,84.02103424072266,-0.6081753817984381,7.634734038822444
2020-10-23,Q3 2020,HLT,12.9,1140132,93.32484436035156,89.3600845336914,-4.248343357907124,12.567273373517175
2021-02-16,Q4 2020,HLT,14.8,1485344,110.87454223632812,110.17253112792967,-0.6331580669817846,30.27824848350893
2021-05-17,Q1 2021,HLT,14.9,1557285,122.21510314941406,119.42691802978516,-2.2813752537771137,4.843389814076748
2021-08-16,Q2 2021,HLT,14.4,1539117,120.83089447021484,118.63594818115234,-1.8165439382752897,-1.1666457970121114
2021-11-15,Q3 2021,HLT,18.0,1702284,141.85098266601562,140.14051818847656,-1.2058178557467634,10.601338299817353
2022-02-14,Q4 2021,HLT,18.6,1964590,147.84262084960938,156.21701049804688,5.664394746462333,15.409062177638976
2022-05-16,Q1 2022,HLT,14.5,1510160,135.04859924316406,133.55564880371094,-1.105491243759565,-23.131034974218533
2022-08-15,Q2 2022,HLT,14.8,1104215,136.04393005371094,137.6078643798828,1.1495803785986076,-26.880926524341785
2022-11-14,Q3 2022,HLT,15.4,1210009,139.51829528808594,137.44482421875,-1.4861642805013544,9.58092400483601
2023-02-13,Q4 2022,HLT,14.4,1267590,146.00660705566406,150.1734161376953,2.853849675749729,4.758724935103786
2023-05-15,Q1 2023,HLT,12.8,1309955,140.60647583007812,141.49037170410156,0.6286309850277586,3.3421689978620828
2023-08-14,Q2 2023,HLT,12.6,1358396,153.9354248046875,152.7623291015625,-0.7620700073510811,3.697913287097654
2023-11-14,Q3 2023,HLT,14.7,1547679,161.88168334960938,164.76763916015625,1.782756239514876,13.934301926684123
2024-02-14,Q4 2023,HLT,16.1,1671801,189.3602752685547,195.38644409179688,3.1823827963366385,8.0198800914143
2024-05-15,Q1 2024,HLT,18.2,1958437,204.6446075439453,205.28355407714844,0.3122225114414108,17.145342059252265
2024-08-14,Q2 2024,HLT,18.8,1953389,204.65512084960935,210.0717620849609,2.6467166875008106,-0.25775656812039305
2024-11-14,Q3 2024,HLT,13.2,1698823,252.2035369873047,248.1198883056641,-1.619187712599838,-13.032017688233122
2025-02-14,Q4 2024,HLT,10.7,1344685,269.2052001953125,268.55596923828125,-0.2411658305858219,-20.846079903556756
2025-05-15,Q1 2025,HLT,5.7,682825,252.8461456298828,255.6144561767578,1.0948596981688872,-49.220449398929865
2014-05-15,Q1 2014,HME,0.3,28484,,,,
2025-05-15,Q1 2025,HTZ,0.5,59100,5.849999904632568,6.659999847412109,13.846153093748065,
2018-08-14,Q2 2018,LOW,12.7,737370,85.77828979492188,85.54862976074219,-0.2677367836649076,
2018-11-14,Q3 2018,LOW,18.6,968943,84.8670883178711,83.1713638305664,-1.9980943389424688,31.405264656820854
2019-02-14,Q4 2018,LOW,14.8,880800,90.53619384765624,93.01687622070312,2.739989685474384,-9.096819936776468
2019-05-15,Q1 2019,LOW,15.2,1019717,94.76531982421876,97.310302734375,2.6855635741819555,15.771684831970934
2019-08-14,Q2 2019,LOW,13.4,898153,87.0145034790039,84.1314468383789,-3.3133058574777303,-11.92134680504493
2019-11-14,Q3 2019,LOW,15.1,947109,102.1750717163086,104.59251403808594,2.365980548063061,5.450741688776861
2020-02-14,Q4 2019,LOW,15.7,1031518,113.47756958007812,112.0769500732422,-1.234269919613988,8.912279368055831
2020-05-15,Q1 2020,LOW,16.0,1054320,100.98289489746094,106.78263092041016,5.74328556221163,2.2105285608200687
2020-08-14,Q2 2020,LOW,22.1,1717220,142.97740173339844,145.4659881591797,1.7405452859057904,62.874649062903096
2020-10-23,Q3 2020,LOW,23.3,2058004,157.7974090576172,154.92250061035156,-1.821898385046296,19.84509847311353
2021-02-16,Q4 2020,LOW,19.9,1988332,163.8168487548828,163.78907775878906,-0.0169524663090689,-3.385416160512811
2021-05-17,Q1 2021,LOW,21.7,2274232,184.47122192382807,178.75839233398438,-3.096867647032062,14.37888642339409
2021-08-16,Q2 2021,LOW,18.4,1966957,177.416748046875,169.73373413085938,-4.330489652524635,-13.511154534805591
2021-11-15,Q3 2021,LOW,21.9,2076571,220.87522888183597,228.7823028564453,3.5798826399131927,5.572770528283022
2022-02-14,Q4 2021,LOW,25.0,2645923,211.8418426513672,213.8954620361328,0.9694115945475944,27.417892284925482
2022-05-16,Q1 2022,LOW,19.9,2063815,182.655029296875,182.68331909179688,0.0154881007277903,-22.000186702334123
2022-08-15,Q2 2022,LOW,23.9,1782910,195.50071716308597,202.7442779541016,3.7051325929270496,-13.610958346557222
2022-11-14,Q3 2022,LOW,24.7,1948491,198.99171447753903,198.82037353515625,-0.0861045611032978,9.287120494023803
2023-02-13,Q4 2022,LOW,23.5,2067075,199.78599548339844,204.55148315429688,2.385296156203518,6.085940350763752
2023-05-15,Q1 2023,LOW,19.6,2006921,195.4763641357422,191.59104919433597,-1.9876136731846616,-2.9101024394373676
2023-08-14,Q2 2023,LOW,15.6,1685719,216.14007568359372,216.28500366210935,0.0670528027054937,-16.004715681384575
2023-11-14,Q3 2023,LOW,14.0,1468726,188.39764404296875,199.09852600097656,5.679944678908623,-12.872430102525989
2024-02-14,Q4 2023,LOW,2.7,277189,220.2024383544922,223.03521728515625,1.286443034796791,-81.12724905802716
2015-11-16,Q3 2015,MDLZ,13.0,1815749,35.144344329833984,35.591060638427734,1.2710901771313832,
2016-02-16,Q4 2015,MDLZ,15.6,1944547,31.0623722076416,32.45652389526367,4.488233153291162,7.0933812988469125
2016-05-16,Q1 2016,MDLZ,10.4,920442,36.3226318359375,35.41374969482422,-2.502247483658483,-52.66547941499999
2016-08-15,Q2 2016,MDLZ,13.9,1044101,35.49405288696289,35.107635498046875,-1.0886820678005704,13.434741135237193
2016-11-14,Q3 2016,MDLZ,18.6,1007164,34.01586151123047,34.9903450012207,2.864791443452064,-3.5376845726610706
2017-02-14,Q4 2016,MDLZ,17.2,1017029,37.34456634521485,37.62655258178711,0.7550930809199181,0.9794829839033126
2017-05-15,Q1 2017,MDLZ,14.4,859111,37.374393463134766,37.907474517822266,1.4263269722713194,-15.527384174885873
2017-08-14,Q2 2017,MDLZ,10.4,626092,36.46577835083008,36.6916618347168,0.6194396338219856,-27.12327045050058
2017-11-14,Q3 2017,MDLZ,11.1,566290,35.369266510009766,35.285160064697266,-0.2377952771191827,-9.551631389636029
2018-02-14,Q4 2017,MDLZ,16.9,995374,36.18416976928711,37.26631927490234,2.990671093229714,75.77107135919758
2018-05-15,Q1 2018,MDLZ,14.0,674215,33.33683776855469,33.591827392578125,0.764888457008838,-32.26515862379367
2018-08-14,Q2 2018,MDLZ,11.6,671240,35.80699920654297,35.73009490966797,-0.2147744814677108,-0.4412539026868334
2022-05-16,Q1 2022,NFLX,11.2,1164962,187.63999938964844,190.55999755859372,1.5561704212552885,
2018-02-14,Q4 2017,NKE,6.2,365043,60.14318084716797,62.35280227661133,3.6739350967457294,
2024-08-14,Q2 2024,NKE,2.2,229134,76.85224914550781,80.7682876586914,5.095541843894747,-37.23095635308717
2024-11-14,Q3 2024,NKE,11.1,1439181,75.24796295166016,75.3856430053711,0.1829684795578907,528.0957867448742
2025-02-14,Q4 2024,NKE,11.3,1420246,72.36044311523438,76.68961334228516,5.982785677744615,-1.3156788479003034
2016-05-16,Q1 2016,NOMD,3.4,300333,7.763713836669922,7.82066011428833,0.7334927435042361,
2016-08-15,Q2 2016,NOMD,3.5,266000,9.53854751586914,9.111449241638184,-4.477602837543137,-11.43164420826216
2016-11-14,Q3 2016,NOMD,7.3,394000,10.762899398803713,10.705951690673828,-0.529111218267194,48.1203007518797
2017-02-14,Q4 2016,NOMD,5.4,319000,10.060558319091797,10.174452781677246,1.1320888858555007,-19.035532994923855
2017-05-15,Q1 2017,NOMD,6.4,381667,11.816410064697266,12.196054458618164,3.2128573047335665,19.644827586206894
2017-08-14,Q2 2017,NOMD,7.8,470333,13.65768337249756,14.07529067993164,3.057673077082873,23.231246086247957
2014-02-14,Q4 2013,PG,0.7,60211,56.66526794433594,56.7890853881836,0.2185067649715977,
2020-05-15,Q1 2020,PK,0.1,5362,5.5214924812316895,6.705746173858643,21.44807217708607,
2015-02-17,Q4 2014,QSR,9.2,1483676,29.124591827392575,30.80109596252441,5.756318045820756,
2015-05-15,Q1 2015,QSR,9.8,1459733,31.33958625793457,30.751977920532227,-1.8749715856685016,-1.6137620342985937
2015-08-14,Q2 2015,QSR,10.1,1452132,32.11531066894531,32.64401626586914,1.6462727151354417,-0.5207116643934251
2015-11-16,Q3 2015,QSR,9.8,1365103,26.93797874450684,26.96828269958496,0.1124952817193255,-5.99318794710123
2016-02-16,Q4 2015,QSR,11.4,1419829,24.34010505676269,26.241079330444336,7.810049583797794,4.0089282640211055
2016-05-16,Q1 2016,QSR,17.2,1520216,30.580272674560547,30.802490234375,0.7266696480418041,7.070358472745664
2016-08-15,Q2 2016,QSR,21.7,1628663,36.34233856201172,36.34233856201172,0.0,7.133657322380493
2016-11-14,Q3 2016,QSR,32.2,1745332,33.42789459228516,33.82768249511719,1.195970932983313,7.163483176077556
2017-02-14,Q4 2016,QSR,31.6,1865915,41.50823593139648,42.41093444824219,2.1747455573338623,6.908886103045142
2017-05-15,Q1 2017,QSR,36.6,2182252,45.87789916992188,46.320533752441406,0.9648100513062028,16.953451791748275
2017-08-14,Q2 2017,QSR,40.7,2448475,46.32052612304688,46.42147445678711,0.2179343418338405,12.199461840337422
2017-11-14,Q3 2017,QSR,33.1,1692867,50.80610656738281,49.39613342285156,-2.775204084298881,-30.86035185166277
2018-02-14,Q4 2017,QSR,27.7,1629265,45.16450500488281,45.56315612792969,0.8826646566895312,-3.7570582922344165
2018-05-15,Q1 2018,QSR,28.6,1384311,45.312313079833984,44.62141799926758,-1.5247402606641276,-15.034632180768625
2018-08-14,Q2 2018,QSR,21.7,1256888,49.11612319946289,49.49730682373047,0.7760865464067135,-9.204795743153094
2018-11-14,Q3 2018,QSR,23.7,1235628,44.566741943359375,43.61407852172852,-2.137610648859222,-1.691479272616181
2019-02-14,Q4 2018,QSR,17.3,1029557,52.03282165527344,52.21848678588867,0.3568231064717159,-16.677430424043482
2019-05-15,Q1 2019,QSR,17.8,1194293,54.00291061401367,55.1583251953125,2.1395413102030094,16.000668248576822
2019-08-14,Q2 2019,QSR,16.2,1087680,61.44208526611328,60.31095886230469,-1.840963565786456,-8.926871379133928
2019-11-14,Q3 2019,QSR,17.1,1073097,55.9421272277832,54.869171142578125,-1.917975126037401,-1.3407436010591356
2020-02-14,Q4 2019,QSR,14.7,961926,55.217811584472656,55.00992584228516,-0.3764831242351477,-10.359827676342404
2020-05-15,Q1 2020,QSR,9.2,603825,42.942176818847656,44.07023239135742,2.626917534405599,-37.227499828469135
2020-08-14,Q2 2020,QSR,17.7,1372252,46.18105697631836,46.21505355834961,0.0736158595258732,127.25988490042646
2020-10-23,Q3 2020,QSR,16.4,1444595,48.95255279541016,47.52033615112305,-2.9257241195833927,5.2718451129967425
2021-02-16,Q4 2020,QSR,15.3,1530104,51.069480895996094,51.41541290283203,0.6773752166003688,5.919236879540635
2021-05-17,Q1 2021,QSR,14.9,1555232,58.98983001708984,58.96367645263672,-0.0443357176068283,1.6422413117016976
2021-08-16,Q2 2021,QSR,14.3,1527029,57.40642166137695,56.799922943115234,-1.056499779483331,-1.8134271928561096
2021-11-15,Q3 2021,QSR,15.5,1464720,50.71383666992188,51.00636672973633,0.5768249436902715,-4.080407117350093
2022-02-14,Q4 2021,QSR,13.7,1452512,51.40938949584961,52.97511291503906,3.045598157348002,-0.8334698782019756
2022-05-16,Q1 2022,QSR,13.4,1393456,46.74458312988281,46.979400634765625,0.5023416386672164,-4.065783965984449
2022-08-15,Q2 2022,QSR,16.0,1194705,55.24387741088867,55.55443954467773,0.5621657065799116,-14.263170132390258
2022-11-14,Q3 2022,QSR,16.3,1286646,55.97132873535156,55.06797409057617,-1.6139596203740485,7.695707308498756
2023-02-13,Q4 2022,QSR,17.8,1564636,62.855018615722656,61.91618728637695,-1.4936457740716704,21.605787450471993
2023-05-15,Q1 2023,QSR,15.9,1624396,68.34579467773438,68.64588928222656,0.4390827642098542,3.819418701857802
2023-08-14,Q2 2023,QSR,16.7,1809947,68.92823791503906,67.03902435302734,-2.7408412272780907,11.422768832230567
2023-11-14,Q3 2023,QSR,14.8,1555452,65.29553985595703,67.01885223388672,2.639249758454163,-14.060908965842644
2024-02-14,Q4 2023,QSR,17.5,1824189,71.6923828125,72.90067291259766,1.6853814208655145,17.27710016123931
2024-05-15,Q1 2024,QSR,17.2,1855009,69.30274963378906,69.15786743164062,-0.2090569319601702,1.6895179172772057
2024-08-14,Q2 2024,QSR,15.6,1628540,68.829345703125,69.42353057861328,0.8632725902278975,-12.208512195897702
2024-11-14,Q3 2024,QSR,12.8,1658825,66.69487762451172,66.31185150146484,-0.5742961628976813,1.859641150969571
2025-02-14,Q4 2024,QSR,11.9,1499199,65.78441619873047,64.06028747558594,-2.620877135910197,-9.622835440748723
2025-05-15,Q1 2025,QSR,12.8,1532780,68.0199966430664,70.62000274658203,3.8224143367120496,2.239929455662648
2018-05-15,Q1 2018,RTX,5.1,244647,66.11863708496094,66.0127944946289,-0.1600798125890374,
2018-08-14,Q2 2018,RTX,9.8,567713,70.32212829589844,70.09337615966797,-0.3252918274429001,132.05393894059605
2018-11-14,Q3 2018,RTX,13.3,691750,69.06108856201172,69.78532409667969,1.048688269687002,21.84853966705007
2019-02-14,Q4 2018,RTX,10.0,593967,66.92891693115234,69.13400268554688,3.29466821742063,-14.135598120708348
2019-05-15,Q1 2019,RTX,11.2,750037,72.49979400634766,73.59072875976562,1.5047418663319967,26.275870544996604
2019-02-14,Q4 2018,SBUX,12.7,756986,61.75148010253906,61.92662048339844,0.2836213489434623,
2019-05-15,Q1 2019,SBUX,11.1,742958,67.80093383789062,69.41984558105469,2.387742545013933,-1.8531386313617393
2019-08-14,Q2 2019,SBUX,11.6,780783,85.34176635742188,84.37029266357422,-1.1383332397632882,5.091135703498728
2019-11-14,Q3 2019,SBUX,13.1,823534,74.50479888916016,74.7444076538086,0.3216017870270348,5.475400975687217
2020-02-14,Q4 2019,SBUX,7.3,479863,80.19351196289062,79.56930541992188,-0.7783753668970131,-41.731246068771895
2020-05-15,Q1 2020,SBUX,10.1,666012,66.5315170288086,68.3609390258789,2.749707324842992,38.79211358241832
2020-08-14,Q2 2020,SBUX,9.6,745541,71.2484130859375,71.18529510498047,-0.0885886130276339,11.941076136766316
2020-10-23,Q3 2020,SBUX,9.9,870456,80.57146453857422,80.84196472167969,0.3357270277443755,16.754947078698557
2021-02-16,Q4 2020,SBUX,10.8,1077293,95.39149475097656,95.01519775390624,-0.394476465698175,23.761913296019554
2024-11-14,Q3 2024,SEG,0.4,57435,27.76000022888184,30.11000061035156,8.465419171808069,
2025-02-14,Q4 2024,SEG,1.1,140414,26.530000686645508,27.649999618530277,4.221631748575653,144.47462348742056
2025-05-15,Q1 2025,SEG,0.9,107860,19.25,18.540000915527344,-3.6883069323254873,-23.18429786203655
2025-05-15,Q1 2025,UBER,18.5,2207742,90.41000366210938,91.79000091552734,1.5263767254953915,
2014-11-14,Q3 2014,ZTS,1.5,204587,39.957794189453125,40.87263488769531,2.289517519171917,
2015-02-17,Q4 2014,ZTS,11.1,1788742,42.0882568359375,42.44933319091797,0.8579028501654645,774.3185050858559
2015-05-15,Q1 2015,ZTS,12.9,1935993,42.92434310913086,43.34173583984375,0.97239165582968,8.232098312668912
2015-08-14,Q2 2015,ZTS,14.0,2016712,44.280250549316406,45.23720169067383,2.161124043983521,4.169384909966101
2015-11-16,Q3 2015,ZTS,12.3,1722277,41.747825622558594,42.60419845581055,2.0512992484792045,-14.59975445180075
2016-02-16,Q4 2015,ZTS,16.1,2004165,37.71614456176758,38.99418640136719,3.388580286902245,16.367169740988242
2016-05-16,Q1 2016,ZTS,20.9,1854020,43.36609649658203,43.46895599365234,0.2371887381618946,-7.491648641703652
2016-08-15,Q2 2016,ZTS,13.4,1004880,48.69358825683594,48.7966423034668,0.2116378158193999,-45.79993743325315
2016-11-14,Q3 2016,ZTS,2.6,141349,47.50460815429688,46.13419723510742,-2.8847957544209257,-85.93374333253722
2014-02-14,Q4 2013,,6.7,554419,,,,
2014-05-15,Q1 2014,,1.4,113307,,,,
2015-05-15,Q1 2015,,2.7,401298,,,,
2024-11-14,Q3 2024,,0.0,6179,,,,
